accuracy,f1,roc_auc,model
0.7375,0.0,0.5,Dummy(most_frequent)
0.8119444444444445,0.5606748864373783,0.7976922846979344,LogReg(scaled)
0.8263888888888888,0.6548868028713418,0.8325605077770802,DecisionTree
0.8922222222222222,0.7610837438423645,0.9288874938969099,RandomForest
0.9052777777777777,0.802547770700637,0.9312444324873704,HistGradientBoosting
0.9133333333333333,0.8249158249158249,0.9339714425213483,Stacking
